<?xml version="1.0" encoding="UTF-8" standalone="no"?>
<project>
	<configuration id="io.sloeber.core.toolChain.release.1577826982" name="Release">
		<extension point="org.eclipse.cdt.core.LanguageSettingsProvider">
			<provider copy-of="extension" id="org.eclipse.cdt.ui.UserLanguageSettingsProvider"/>
			<provider-reference id="org.eclipse.cdt.core.ReferencedProjectsLanguageSettingsProvider" ref="shared-provider"/>
			<provider class="io.sloeber.core.toolchain.ArduinoLanguageProvider" console="false" env-hash="-604428148026912740" id="io.sloeber.languageSettingsProvider" keep-relative-paths="false" name="Arduino Compiler Settings" parameter="${COMMAND} -E -P -v -dD -D__IN_ECLIPSE__ &quot;${INPUTS}&quot;" prefer-non-shared="true">
				<language-scope id="org.eclipse.cdt.core.gcc"/>
				<language-scope id="org.eclipse.cdt.core.g++"/>
			</provider>
			<provider-reference id="org.eclipse.cdt.managedbuilder.core.MBSLanguageSettingsProvider" ref="shared-provider"/>
		</extension>
	</configuration>
</project>
